[
{
  "model": "questions.question",
  "pk": 6,
  "fields": {
    "code": "QUES",
    "title": "FIRST",
    "description": "questions/QUES.jpg",
    "time_limit": 1,
    "timestamp": "2019-05-01T16:34:06.546Z"
  }
},
{
  "model": "questions.question",
  "pk": 7,
  "fields": {
    "code": "ABCD",
    "title": "SECOND",
    "description": "questions/ABCD.jpg",
    "time_limit": 1,
    "timestamp": "2019-05-02T15:15:00.761Z"
  }
},
{
  "model": "questions.question",
  "pk": 8,
  "fields": {
    "code": "BCDE",
    "title": "SUBMI",
    "description": "questions/BCDE.jpg",
    "time_limit": 1,
    "timestamp": "2019-05-02T15:30:15.640Z"
  }
},
{
  "model": "questions.testcase",
  "pk": 25,
  "fields": {
    "question": 6,
    "file": "test_cases/QUES/inputs/input1.txt",
    "timestamp": "2019-05-01T16:35:45.788Z"
  }
},
{
  "model": "questions.testcase",
  "pk": 26,
  "fields": {
    "question": 6,
    "file": "test_cases/QUES/inputs/input2.txt",
    "timestamp": "2019-05-01T16:35:51.108Z"
  }
},
{
  "model": "questions.testcase",
  "pk": 27,
  "fields": {
    "question": 6,
    "file": "test_cases/QUES/inputs/input3.txt",
    "timestamp": "2019-05-01T16:35:57.027Z"
  }
},
{
  "model": "questions.testcase",
  "pk": 28,
  "fields": {
    "question": 6,
    "file": "test_cases/QUES/inputs/input4.txt",
    "timestamp": "2019-05-01T16:36:02.032Z"
  }
},
{
  "model": "questions.testcase",
  "pk": 29,
  "fields": {
    "question": 6,
    "file": "test_cases/QUES/inputs/input5.txt",
    "timestamp": "2019-05-01T16:36:06.497Z"
  }
},
{
  "model": "questions.testcase",
  "pk": 30,
  "fields": {
    "question": 6,
    "file": "test_cases/QUES/inputs/input6.txt",
    "timestamp": "2019-05-01T16:36:12.030Z"
  }
},
{
  "model": "questions.testcase",
  "pk": 31,
  "fields": {
    "question": 6,
    "file": "test_cases/QUES/inputs/input7.txt",
    "timestamp": "2019-05-01T16:36:17.323Z"
  }
},
{
  "model": "questions.testcase",
  "pk": 32,
  "fields": {
    "question": 6,
    "file": "test_cases/QUES/inputs/input8.txt",
    "timestamp": "2019-05-01T16:36:21.989Z"
  }
},
{
  "model": "questions.testcase",
  "pk": 33,
  "fields": {
    "question": 6,
    "file": "test_cases/QUES/inputs/input9.txt",
    "timestamp": "2019-05-01T16:36:27.174Z"
  }
},
{
  "model": "questions.testcase",
  "pk": 34,
  "fields": {
    "question": 6,
    "file": "test_cases/QUES/inputs/input10.txt",
    "timestamp": "2019-05-01T16:36:35.154Z"
  }
},
{
  "model": "questions.testcase",
  "pk": 35,
  "fields": {
    "question": 7,
    "file": "test_cases/ABCD/inputs/input1.txt",
    "timestamp": "2019-05-02T15:16:00.428Z"
  }
},
{
  "model": "questions.testcase",
  "pk": 36,
  "fields": {
    "question": 7,
    "file": "test_cases/ABCD/inputs/input2.txt",
    "timestamp": "2019-05-02T15:16:08.665Z"
  }
},
{
  "model": "questions.testcase",
  "pk": 37,
  "fields": {
    "question": 7,
    "file": "test_cases/ABCD/inputs/input3.txt",
    "timestamp": "2019-05-02T15:16:15.401Z"
  }
},
{
  "model": "questions.testcase",
  "pk": 38,
  "fields": {
    "question": 7,
    "file": "test_cases/ABCD/inputs/input4.txt",
    "timestamp": "2019-05-02T15:17:24.758Z"
  }
},
{
  "model": "questions.testcase",
  "pk": 39,
  "fields": {
    "question": 7,
    "file": "test_cases/ABCD/inputs/input5.txt",
    "timestamp": "2019-05-02T15:17:33.938Z"
  }
},
{
  "model": "questions.testcase",
  "pk": 40,
  "fields": {
    "question": 7,
    "file": "test_cases/ABCD/inputs/input6.txt",
    "timestamp": "2019-05-02T15:17:40.985Z"
  }
},
{
  "model": "questions.testcase",
  "pk": 41,
  "fields": {
    "question": 7,
    "file": "test_cases/ABCD/inputs/input7.txt",
    "timestamp": "2019-05-02T15:17:48.572Z"
  }
},
{
  "model": "questions.testcase",
  "pk": 42,
  "fields": {
    "question": 7,
    "file": "test_cases/ABCD/inputs/input8.txt",
    "timestamp": "2019-05-02T15:17:55.331Z"
  }
},
{
  "model": "questions.testcase",
  "pk": 43,
  "fields": {
    "question": 7,
    "file": "test_cases/ABCD/inputs/input9.txt",
    "timestamp": "2019-05-02T15:18:01.579Z"
  }
},
{
  "model": "questions.testcase",
  "pk": 44,
  "fields": {
    "question": 7,
    "file": "test_cases/ABCD/inputs/input10.txt",
    "timestamp": "2019-05-02T15:18:07.889Z"
  }
},
{
  "model": "questions.testcase",
  "pk": 45,
  "fields": {
    "question": 8,
    "file": "test_cases/BCDE/inputs/input1.txt",
    "timestamp": "2019-05-02T15:30:45.919Z"
  }
},
{
  "model": "questions.testcase",
  "pk": 46,
  "fields": {
    "question": 8,
    "file": "test_cases/BCDE/inputs/input2.txt",
    "timestamp": "2019-05-02T15:30:54.218Z"
  }
},
{
  "model": "questions.testcase",
  "pk": 47,
  "fields": {
    "question": 8,
    "file": "test_cases/BCDE/inputs/input3.txt",
    "timestamp": "2019-05-02T15:31:01.229Z"
  }
},
{
  "model": "questions.testcase",
  "pk": 48,
  "fields": {
    "question": 8,
    "file": "test_cases/BCDE/inputs/input4.txt",
    "timestamp": "2019-05-02T15:31:07.979Z"
  }
},
{
  "model": "questions.testcase",
  "pk": 49,
  "fields": {
    "question": 8,
    "file": "test_cases/BCDE/inputs/input5.txt",
    "timestamp": "2019-05-02T15:31:14.675Z"
  }
},
{
  "model": "questions.testcase",
  "pk": 51,
  "fields": {
    "question": 8,
    "file": "test_cases/BCDE/inputs/input6.txt",
    "timestamp": "2019-05-02T15:31:51.763Z"
  }
},
{
  "model": "questions.testcase",
  "pk": 52,
  "fields": {
    "question": 8,
    "file": "test_cases/BCDE/inputs/input7.txt",
    "timestamp": "2019-05-02T15:32:00.901Z"
  }
},
{
  "model": "questions.testcase",
  "pk": 53,
  "fields": {
    "question": 8,
    "file": "test_cases/BCDE/inputs/input8.txt",
    "timestamp": "2019-05-02T15:32:07.991Z"
  }
},
{
  "model": "questions.testcase",
  "pk": 54,
  "fields": {
    "question": 8,
    "file": "test_cases/BCDE/inputs/input9.txt",
    "timestamp": "2019-05-02T15:32:14.077Z"
  }
},
{
  "model": "questions.testcase",
  "pk": 55,
  "fields": {
    "question": 8,
    "file": "test_cases/BCDE/inputs/input10.txt",
    "timestamp": "2019-05-02T15:32:20.682Z"
  }
},
{
  "model": "questions.expectedoutput",
  "pk": 45,
  "fields": {
    "question": 6,
    "test_case": 25,
    "file": "test_cases/QUES/outputs/output1_WePFznM.txt",
    "timestamp": "2019-05-01T17:04:28.091Z"
  }
},
{
  "model": "questions.expectedoutput",
  "pk": 46,
  "fields": {
    "question": 6,
    "test_case": 34,
    "file": "test_cases/QUES/outputs/output10_3ZHLEKv.txt",
    "timestamp": "2019-05-01T17:04:44.014Z"
  }
},
{
  "model": "questions.expectedoutput",
  "pk": 47,
  "fields": {
    "question": 6,
    "test_case": 26,
    "file": "test_cases/QUES/outputs/output2_4Sz0pWB.txt",
    "timestamp": "2019-05-01T17:08:21.604Z"
  }
},
{
  "model": "questions.expectedoutput",
  "pk": 48,
  "fields": {
    "question": 6,
    "test_case": 27,
    "file": "test_cases/QUES/outputs/output3_6jS9AET.txt",
    "timestamp": "2019-05-01T17:08:31.364Z"
  }
},
{
  "model": "questions.expectedoutput",
  "pk": 49,
  "fields": {
    "question": 6,
    "test_case": 28,
    "file": "test_cases/QUES/outputs/output4_uZPJS2e.txt",
    "timestamp": "2019-05-01T17:09:03.136Z"
  }
},
{
  "model": "questions.expectedoutput",
  "pk": 50,
  "fields": {
    "question": 6,
    "test_case": 29,
    "file": "test_cases/QUES/outputs/output5_6KNZCta.txt",
    "timestamp": "2019-05-01T17:09:21.945Z"
  }
},
{
  "model": "questions.expectedoutput",
  "pk": 51,
  "fields": {
    "question": 6,
    "test_case": 30,
    "file": "test_cases/QUES/outputs/output6_KjrYktB.txt",
    "timestamp": "2019-05-01T17:09:34.360Z"
  }
},
{
  "model": "questions.expectedoutput",
  "pk": 52,
  "fields": {
    "question": 6,
    "test_case": 31,
    "file": "test_cases/QUES/outputs/output7_vv5ukdu.txt",
    "timestamp": "2019-05-01T17:09:44.564Z"
  }
},
{
  "model": "questions.expectedoutput",
  "pk": 53,
  "fields": {
    "question": 6,
    "test_case": 32,
    "file": "test_cases/QUES/outputs/output8_JzlP71Z.txt",
    "timestamp": "2019-05-01T17:09:53.883Z"
  }
},
{
  "model": "questions.expectedoutput",
  "pk": 54,
  "fields": {
    "question": 6,
    "test_case": 33,
    "file": "test_cases/QUES/outputs/output9_VWBIXWv.txt",
    "timestamp": "2019-05-01T17:10:04.686Z"
  }
},
{
  "model": "questions.expectedoutput",
  "pk": 55,
  "fields": {
    "question": 7,
    "test_case": 35,
    "file": "test_cases/ABCD/outputs/output1.txt",
    "timestamp": "2019-05-02T15:18:35.695Z"
  }
},
{
  "model": "questions.expectedoutput",
  "pk": 56,
  "fields": {
    "question": 7,
    "test_case": 44,
    "file": "test_cases/ABCD/outputs/output10.txt",
    "timestamp": "2019-05-02T15:18:48.340Z"
  }
},
{
  "model": "questions.expectedoutput",
  "pk": 57,
  "fields": {
    "question": 7,
    "test_case": 36,
    "file": "test_cases/ABCD/outputs/output2.txt",
    "timestamp": "2019-05-02T15:19:00.394Z"
  }
},
{
  "model": "questions.expectedoutput",
  "pk": 58,
  "fields": {
    "question": 7,
    "test_case": 37,
    "file": "test_cases/ABCD/outputs/output3.txt",
    "timestamp": "2019-05-02T15:19:12.827Z"
  }
},
{
  "model": "questions.expectedoutput",
  "pk": 59,
  "fields": {
    "question": 7,
    "test_case": 38,
    "file": "test_cases/ABCD/outputs/output4.txt",
    "timestamp": "2019-05-02T15:20:22.034Z"
  }
},
{
  "model": "questions.expectedoutput",
  "pk": 60,
  "fields": {
    "question": 7,
    "test_case": 39,
    "file": "test_cases/ABCD/outputs/output5.txt",
    "timestamp": "2019-05-02T15:20:41.838Z"
  }
},
{
  "model": "questions.expectedoutput",
  "pk": 61,
  "fields": {
    "question": 7,
    "test_case": 40,
    "file": "test_cases/ABCD/outputs/output6.txt",
    "timestamp": "2019-05-02T15:21:00.082Z"
  }
},
{
  "model": "questions.expectedoutput",
  "pk": 62,
  "fields": {
    "question": 7,
    "test_case": 41,
    "file": "test_cases/ABCD/outputs/output7.txt",
    "timestamp": "2019-05-02T15:21:15.647Z"
  }
},
{
  "model": "questions.expectedoutput",
  "pk": 63,
  "fields": {
    "question": 7,
    "test_case": 42,
    "file": "test_cases/ABCD/outputs/output8.txt",
    "timestamp": "2019-05-02T15:21:26.688Z"
  }
},
{
  "model": "questions.expectedoutput",
  "pk": 64,
  "fields": {
    "question": 7,
    "test_case": 43,
    "file": "test_cases/ABCD/outputs/output9.txt",
    "timestamp": "2019-05-02T15:21:39.028Z"
  }
},
{
  "model": "questions.expectedoutput",
  "pk": 65,
  "fields": {
    "question": 8,
    "test_case": 45,
    "file": "test_cases/BCDE/outputs/output1.txt",
    "timestamp": "2019-05-02T15:32:46.557Z"
  }
},
{
  "model": "questions.expectedoutput",
  "pk": 66,
  "fields": {
    "question": 8,
    "test_case": 55,
    "file": "test_cases/BCDE/outputs/output10.txt",
    "timestamp": "2019-05-02T15:33:04.581Z"
  }
},
{
  "model": "questions.expectedoutput",
  "pk": 67,
  "fields": {
    "question": 8,
    "test_case": 46,
    "file": "test_cases/BCDE/outputs/output2.txt",
    "timestamp": "2019-05-02T15:33:18.449Z"
  }
},
{
  "model": "questions.expectedoutput",
  "pk": 68,
  "fields": {
    "question": 8,
    "test_case": 47,
    "file": "test_cases/BCDE/outputs/output3.txt",
    "timestamp": "2019-05-02T15:33:31.856Z"
  }
},
{
  "model": "questions.expectedoutput",
  "pk": 69,
  "fields": {
    "question": 8,
    "test_case": 48,
    "file": "test_cases/BCDE/outputs/output4.txt",
    "timestamp": "2019-05-02T15:33:40.977Z"
  }
},
{
  "model": "questions.expectedoutput",
  "pk": 70,
  "fields": {
    "question": 8,
    "test_case": 49,
    "file": "test_cases/BCDE/outputs/output5.txt",
    "timestamp": "2019-05-02T15:33:51.714Z"
  }
},
{
  "model": "questions.expectedoutput",
  "pk": 71,
  "fields": {
    "question": 8,
    "test_case": 51,
    "file": "test_cases/BCDE/outputs/output6.txt",
    "timestamp": "2019-05-02T15:34:05.284Z"
  }
},
{
  "model": "questions.expectedoutput",
  "pk": 72,
  "fields": {
    "question": 8,
    "test_case": 52,
    "file": "test_cases/BCDE/outputs/output7.txt",
    "timestamp": "2019-05-02T15:34:16.634Z"
  }
},
{
  "model": "questions.expectedoutput",
  "pk": 73,
  "fields": {
    "question": 8,
    "test_case": 53,
    "file": "test_cases/BCDE/outputs/output8.txt",
    "timestamp": "2019-05-02T15:34:27.538Z"
  }
},
{
  "model": "questions.expectedoutput",
  "pk": 74,
  "fields": {
    "question": 8,
    "test_case": 54,
    "file": "test_cases/BCDE/outputs/output9.txt",
    "timestamp": "2019-05-02T15:34:39.842Z"
  }
}
]
